statistic,value
count,5902.0
mean,0.02244690106775595
std,1.5571711285333691
min,-9.694938470401304
max,8.974275384124564
skewness,-0.38204243917270514
kurtosis,4.727317038327428
