model,distribution,loglikelihood,AIC,BIC,omega,alpha,gamma,gamma_pvalue,beta,alpha_beta_persistence,half_life_days,notes
"GARCH(1,1)-Normal",Normal,-10152.990499400152,20313.980998800303,20340.713185022316,0.021579918979577888,0.07335593986573767,,,0.919471395103796,0.9928273349695337,96.3,
"GARCH(1,1)-Student-t",Student-t,-9945.813305079335,19901.62661015867,19935.041842936185,0.018871218217613308,0.06645489460652247,,,0.9281088291146292,0.9945637237211516,127.2,nu=5.1541 (heavy-tail dof)
"GJR-GARCH(1,1)-Normal",Normal,-10150.96945441996,20311.93890883992,20345.354141617434,0.022745518707862282,0.06714894896943395,0.015905445888929618,0.2172,0.9172196409395401,0.9923213128534388,89.9,"gamma=0.015905, p_gamma=0.2172: positive but not statistically significant (p=0.2172)"
"AR(1)-GARCH(1,1)-Normal",Normal,-10149.424087614643,20308.848175229286,20342.26256076457,0.021494792293638276,0.07338444684583226,,,0.9194552643608935,0.9928397112067258,96.5,AR(1) coeff=0.023963
