model,distribution,loglikelihood,AIC,BIC,omega,alpha,beta,gamma,gamma_pvalue,nu,vol_persistence_proxy,half_life_days,notes
"GJR-GARCH(1,1)-Normal",Normal,-10150.96945441996,20311.93890883992,20345.354141617434,0.022745518707862282,0.06714894896943395,0.9172196409395401,0.015905445888929618,0.2172,,0.9923213128534388,89.9,asymmetry: positive but not statistically significant (p=0.2172)
"GJR-GARCH(1,1)-Student-t",Student-t,-9943.407066530017,19898.814133060034,19938.912412393052,0.02058685176818248,0.05753830682742457,0.925374508178786,0.021713395520678615,0.0463,5.1432,0.9937695127665498,110.9,"nu=5.1432; asymmetry: significant (positive asymmetry, p<0.05)"
"EGARCH(1,1)-Normal",Normal,-10144.394862418945,20298.78972483789,20332.204957615406,0.017279950871205808,0.16589652045310466,0.9871797935358384,-0.012052591002699063,0.2127,,0.9871797935358384,53.7,EGARCH persistence proxy = |beta| (log-variance space); asymmetry: negative but not statistically significant (p=0.2127)
"EGARCH(1,1)-Student-t",Student-t,-9932.182128500257,19876.364257000514,19916.462536333533,0.015133168665768528,0.1473576501699923,0.9903774367094725,-0.012344528678571307,0.1007,5.1864,0.9903774367094725,71.7,EGARCH persistence proxy = |beta| (log-variance space); nu=5.1864; asymmetry: negative but not statistically significant (p=0.1007)
