statistic,value
count,5902.0
mean,0.022446901067755962
std,1.5571711285333685
min,-9.694938470401304
max,8.974275384124475
skewness,-0.382042439172704
kurtosis,4.727317038327394
